Cohort,Strain,Diet,MouseID,DOB,MortalityDate,UnnaturalCauseOfDeath,Lifespan,DontUseThisAnimal
1,003,AL,003M11,29-Mar-05,23/5/06,FALSE,420,FALSE
1,003,AL,003M07,29-Mar-05,21/3/07,FALSE,722,FALSE
1,003,AL,003M19,29-Mar-05,2/8/07,FALSE,856,FALSE
1,003,AL,003M13,29-Mar-05,22/9/07,FALSE,907,FALSE
1,003,AL,003M05,29-Mar-05,2/11/07,FALSE,948,FALSE
1,003,AL,003M09,29-Mar-05,3/12/07,FALSE,979,FALSE
1,003,AL,003M15,29-Mar-05,17/12/07,FALSE,993,FALSE
1,003,AL,003M17,29-Mar-05,27/12/07,FALSE,1003,FALSE
1,003,AL,003M03,29-Mar-05,28/2/08,FALSE,1066,FALSE
1,003,AL,003M01,29-Mar-05,10/7/08,FALSE,1199,FALSE
1,003,DR,003M12,29-Mar-05,18/8/06,FALSE,507,FALSE
1,003,DR,003M10,29-Mar-05,20/12/06,FALSE,631,FALSE
1,003,DR,003M20,29-Mar-05,18/10/07,FALSE,933,FALSE
1,003,DR,003M22,29-Mar-05,2/12/07,FALSE,978,FALSE
1,003,DR,003M06,29-Mar-05,29/12/07,FALSE,1005,FALSE
1,003,DR,003M18,29-Mar-05,7/1/08,FALSE,1014,FALSE
1,003,DR,003M24,29-Mar-05,10/1/08,FALSE,1017,FALSE
1,003,DR,003M16,29-Mar-05,22/1/08,FALSE,1029,FALSE
1,003,DR,003M08,29-Mar-05,12/4/08,FALSE,1110,FALSE
1,003,DR,003M04,29-Mar-05,30/4/08,FALSE,1128,FALSE
1,003,DR,003M02,29-Mar-05,15/5/08,FALSE,1143,FALSE
1,003,DR,003M14,29-Mar-05,22/5/08,FALSE,1150,FALSE
1,005,AL,005M09,30-Mar-05,4/11/05,FALSE,219,FALSE
1,005,AL,005M17,30-Mar-05,23/11/05,FALSE,238,FALSE
1,005,AL,005M07,30-Mar-05,12/3/06,FALSE,347,FALSE
1,005,AL,005M03,30-Mar-05,18/3/06,FALSE,353,FALSE
1,005,AL,005m13,30-Mar-05,29/3/06,FALSE,364,FALSE
1,005,AL,005M01,30-Mar-05,1/5/06,FALSE,397,FALSE
1,005,AL,005M11,30-Mar-05,6/1/07,FALSE,647,FALSE
1,005,AL,005M19,30-Mar-05,28/5/07,FALSE,789,FALSE
1,005,AL,005M05,30-Mar-05,2/6/07,FALSE,794,FALSE
1,005,AL,005M15,30-Mar-05,8/8/07,FALSE,861,FALSE
1,005,DR,005M08,30-Mar-05,10/5/07,FALSE,771,FALSE
1,005,DR,005M20,30-Mar-05,23/10/07,FALSE,937,FALSE
1,005,DR,005M18,30-Mar-05,26/10/07,FALSE,940,FALSE
1,005,DR,005M22,30-Mar-05,25/12/07,FALSE,1000,FALSE
1,005,DR,005M16,30-Mar-05,9/1/08,FALSE,1015,FALSE
1,005,DR,005M06,30-Mar-05,10/1/08,FALSE,1016,FALSE
1,005,DR,005M02,30-Mar-05,12/1/08,FALSE,1018,FALSE
1,005,DR,005M24,30-Mar-05,29/4/08,FALSE,1126,FALSE
1,005,DR,005M14,30-Mar-05,30/4/08,FALSE,1127,FALSE
1,005,DR,005M10,30-Mar-05,12/5/08,FALSE,1139,FALSE
1,005,DR,005M04,30-Mar-05,26/5/08,FALSE,1153,FALSE
1,005,DR,005M12,30-Mar-05,31/5/08,FALSE,1158,FALSE
1,013,AL,013M07,29-Mar-05,10/5/07,FALSE,772,FALSE
1,013,AL,013M05,29-Mar-05,29/6/07,FALSE,822,FALSE
1,013,AL,013M15,29-Mar-05,4/7/07,FALSE,827,FALSE
1,013,AL,013M19,29-Mar-05,23/7/07,FALSE,846,FALSE
1,013,AL,013M09,29-Mar-05,23/7/07,FALSE,846,FALSE
1,013,AL,013M11,29-Mar-05,23/7/07,FALSE,846,FALSE
1,013,AL,013M13,29-Mar-05,4/8/07,FALSE,858,FALSE
1,013,AL,013M01,29-Mar-05,20/8/07,FALSE,874,FALSE
1,013,AL,013M17,29-Mar-05,21/8/07,FALSE,875,FALSE
1,013,DR,013M16,29-Mar-05,23/6/05,FALSE,86,FALSE
1,013,DR,013M10,29-Mar-05,19/8/05,FALSE,143,FALSE
1,013,DR,013M06,29-Mar-05,29/9/05,FALSE,184,FALSE
1,013,DR,013M04,29-Mar-05,28/6/06,FALSE,456,FALSE
1,013,DR,013M18,29-Mar-05,3/8/06,FALSE,492,FALSE
1,013,DR,013M08,29-Mar-05,11/8/06,FALSE,500,FALSE
1,013,DR,013M12,29-Mar-05,11/12/06,FALSE,622,FALSE
1,013,DR,013M22,29-Mar-05,27/1/07,FALSE,669,FALSE
1,013,DR,013M20,29-Mar-05,16/2/07,FALSE,689,FALSE
1,013,DR,013M24,29-Mar-05,24/3/07,FALSE,725,FALSE
1,013,DR,013M02,29-Mar-05,1/4/07,FALSE,733,FALSE
1,013,DR,013M14,29-Mar-05,18/5/07,FALSE,780,FALSE
1,014,AL,014M19,29-Mar-05,21/7/06,FALSE,479,FALSE
1,014,AL,014M05,29-Mar-05,7/10/06,FALSE,557,FALSE
1,014,AL,014M01,29-Mar-05,21/10/06,FALSE,571,FALSE
1,014,AL,014M03,29-Mar-05,16/6/07,FALSE,809,FALSE
1,014,AL,014M17,29-Mar-05,29/6/07,FALSE,822,FALSE
1,014,AL,014M07,29-Mar-05,4/7/07,FALSE,827,FALSE
1,014,AL,014M09,29-Mar-05,17/7/07,FALSE,840,FALSE
1,014,AL,014M15,29-Mar-05,25/7/07,FALSE,848,FALSE
1,014,AL,014M13,29-Mar-05,14/10/07,FALSE,929,FALSE
1,014,AL,014M11,29-Mar-05,24/10/07,FALSE,939,FALSE
1,014,DR,014M02,29-Mar-05,23/1/06,FALSE,300,FALSE
1,014,DR,014M04,29-Mar-05,24/2/06,FALSE,332,FALSE
1,014,DR,014M08,29-Mar-05,24/3/06,FALSE,360,FALSE
1,014,DR,014M20,29-Mar-05,30/3/06,FALSE,366,FALSE
1,014,DR,014M22,29-Mar-05,16/6/06,FALSE,444,FALSE
1,014,DR,014M18,29-Mar-05,24/6/06,FALSE,452,FALSE
1,014,DR,014M14,29-Mar-05,23/7/06,FALSE,481,FALSE
1,014,DR,014M12,29-Mar-05,16/2/07,FALSE,689,FALSE
1,014,DR,014M16,29-Mar-05,22/3/07,FALSE,723,FALSE
1,014,DR,014M24,29-Mar-05,24/4/07,FALSE,756,FALSE
1,016,AL,016M15,28-Mar-05,30/6/06,FALSE,459,FALSE
1,016,AL,016M03,28-Mar-05,1/10/06,FALSE,552,FALSE
1,016,AL,016M07,28-Mar-05,29/11/06,FALSE,611,FALSE
1,016,AL,016M01,28-Mar-05,18/2/07,FALSE,692,FALSE
1,016,AL,016M09,28-Mar-05,13/3/07,FALSE,715,FALSE
1,016,AL,016M05,28-Mar-05,25/3/07,FALSE,727,FALSE
1,016,AL,016M13,28-Mar-05,30/4/07,FALSE,763,FALSE
1,016,AL,016M11,28-Mar-05,28/5/07,FALSE,791,FALSE
1,016,AL,016M17,28-Mar-05,22/6/07,FALSE,816,FALSE
1,016,AL,016M19,28-Mar-05,29/6/07,FALSE,823,FALSE
1,016,DR,016M08,28-Mar-05,25/1/06,FALSE,303,FALSE
1,016,DR,016M18,28-Mar-05,16/2/07,FALSE,690,FALSE
1,016,DR,016M24,28-Mar-05,22/2/07,FALSE,696,FALSE
1,016,DR,016M20,28-Mar-05,18/3/07,FALSE,720,FALSE
1,016,DR,016M14,28-Mar-05,29/3/07,FALSE,731,FALSE
1,016,DR,016M16,28-Mar-05,3/4/07,FALSE,736,FALSE
1,016,DR,016m12,28-Mar-05,12/5/07,FALSE,775,FALSE
1,016,DR,016m02,28-Mar-05,16/5/07,FALSE,779,FALSE
1,016,DR,016M06,28-Mar-05,22/5/07,FALSE,785,FALSE
1,016,DR,016M10,28-Mar-05,30/5/07,FALSE,793,FALSE
1,016,DR,016M22,28-Mar-05,31/5/07,FALSE,794,FALSE
1,016,DR,016m04,28-Mar-05,8/6/07,FALSE,802,FALSE
1,019,AL,019M19,29-Mar-05,27/9/06,FALSE,547,FALSE
1,019,AL,019M09,29-Mar-05,15/11/06,FALSE,596,FALSE
1,019,AL,019M13,29-Mar-05,30/4/07,FALSE,762,FALSE
1,019,AL,019M11,29-Mar-05,11/5/07,FALSE,773,FALSE
1,019,AL,019M17,29-Mar-05,4/7/07,FALSE,827,FALSE
1,019,AL,019M05,29-Mar-05,10/7/07,FALSE,833,FALSE
1,019,AL,019M07,29-Mar-05,20/7/07,FALSE,843,FALSE
1,019,AL,019M03,29-Mar-05,24/8/07,FALSE,878,FALSE
1,019,AL,019M01,29-Mar-05,18/10/07,FALSE,933,FALSE
1,019,DR,019M08,29-Mar-05,8/9/06,FALSE,528,FALSE
1,019,DR,019M10,29-Mar-05,21/12/06,FALSE,632,FALSE
1,019,DR,019M16,29-Mar-05,27/1/07,FALSE,669,FALSE
1,019,DR,019M14,29-Mar-05,31/1/07,FALSE,673,FALSE
1,019,DR,019M12,29-Mar-05,16/3/07,FALSE,717,FALSE
1,019,DR,019M04,29-Mar-05,22/3/07,FALSE,723,FALSE
1,019,DR,019M20,29-Mar-05,13/6/07,FALSE,806,FALSE
1,019,DR,019M06,29-Mar-05,5/8/07,FALSE,859,FALSE
1,019,DR,019M22,29-Mar-05,11/10/07,FALSE,926,FALSE
1,019,DR,019M24,29-Mar-05,27/10/07,FALSE,942,FALSE
1,019,DR,019M02,29-Mar-05,6/11/07,FALSE,952,FALSE
1,019,DR,019M18,29-Mar-05,10/11/07,FALSE,956,FALSE
1,022,AL,022M05,28-Mar-05,31/8/05,FALSE,156,FALSE
1,022,AL,022M17,28-Mar-05,20/2/06,FALSE,329,FALSE
1,022,AL,022M09,28-Mar-05,5/7/06,FALSE,464,FALSE
1,022,AL,022M13,28-Mar-05,30/1/07,FALSE,673,FALSE
1,022,AL,022M01,28-Mar-05,26/2/07,FALSE,700,FALSE
1,022,AL,022M15,28-Mar-05,29/6/07,FALSE,823,FALSE
1,022,AL,022M07,28-Mar-05,4/9/07,FALSE,890,FALSE
1,022,AL,022M19,28-Mar-05,19/9/07,FALSE,905,FALSE
1,022,AL,022M03,28-Mar-05,23/9/07,FALSE,909,FALSE
1,022,AL,022m11,28-Mar-05,29/9/07,FALSE,915,FALSE
1,022,DR,022M08,28-Mar-05,6/2/06,FALSE,315,FALSE
1,022,DR,022M10,28-Mar-05,19/4/06,FALSE,387,FALSE
1,022,DR,022m06,28-Mar-05,6/7/06,FALSE,465,FALSE
1,022,DR,022M22,28-Mar-05,9/2/07,FALSE,683,FALSE
1,022,DR,022M16,28-Mar-05,20/4/07,FALSE,753,FALSE
1,022,DR,022M02,28-Mar-05,12/5/07,FALSE,775,FALSE
1,022,DR,022M20,28-Mar-05,30/9/07,FALSE,916,FALSE
1,022,DR,022M18,28-Mar-05,1/11/07,FALSE,948,FALSE
1,022,DR,022M24,28-Mar-05,1/11/07,FALSE,948,FALSE
1,022,DR,022M04,28-Mar-05,2/11/07,FALSE,949,FALSE
1,022,DR,022M14,28-Mar-05,4/11/07,FALSE,951,FALSE
1,023,AL,023M11,29-Mar-05,14/2/07,FALSE,687,FALSE
1,023,AL,023M07,29-Mar-05,30/4/07,FALSE,762,FALSE
1,023,AL,023M09,29-Mar-05,17/7/07,FALSE,840,FALSE
1,023,AL,023M05,29-Mar-05,27/8/07,FALSE,881,FALSE
1,023,AL,023M01,29-Mar-05,3/11/07,FALSE,949,FALSE
1,023,AL,023M03,29-Mar-05,5/11/07,FALSE,951,FALSE
1,023,AL,023M15,29-Mar-05,16/2/08,FALSE,1054,FALSE
1,023,DR,023M22,29-Mar-05,7/12/05,FALSE,253,FALSE
1,023,DR,023M24,29-Mar-05,26/2/06,FALSE,334,FALSE
1,023,DR,023M20,29-Mar-05,6/4/06,FALSE,373,FALSE
1,023,DR,023M02,29-Mar-05,23/3/08,FALSE,1090,FALSE
1,023,DR,023M12,29-Mar-05,25/3/08,FALSE,1092,FALSE
1,023,DR,023M08,29-Mar-05,11/5/08,FALSE,1139,FALSE
1,023,DR,023M04,29-Mar-05,7/6/08,FALSE,1166,FALSE
1,023,DR,023M14,29-Mar-05,7/6/08,FALSE,1166,FALSE
1,023,DR,023M04,29-Mar-05,7/6/08,FALSE,1166,FALSE
1,023,DR,023M10,29-Mar-05,11/6/08,FALSE,1170,FALSE
1,041,AL,041M19,29-Mar-05,13/3/07,FALSE,714,FALSE
1,041,AL,041M09,29-Mar-05,5/4/07,FALSE,737,FALSE
1,041,AL,041M15,29-Mar-05,17/4/07,FALSE,749,FALSE
1,041,AL,041M05,29-Mar-05,20/6/07,FALSE,813,FALSE
1,041,AL,041M11,29-Mar-05,5/7/07,FALSE,828,FALSE
1,041,AL,041M13,29-Mar-05,25/8/07,FALSE,879,FALSE
1,041,AL,041M17,29-Mar-05,19/9/07,FALSE,904,FALSE
1,041,AL,041M03,29-Mar-05,21/9/07,FALSE,906,FALSE
1,041,AL,041M01,29-Mar-05,22/9/07,FALSE,907,FALSE
1,041,AL,041M07,29-Mar-05,7/11/07,FALSE,953,FALSE
1,041,DR,041M06,29-Mar-05,24/10/05,FALSE,209,FALSE
1,041,DR,041M20,29-Mar-05,11/8/07,FALSE,865,FALSE
1,041,DR,041M18,29-Mar-05,13/11/07,FALSE,959,FALSE
1,041,DR,041M10,29-Mar-05,21/11/07,FALSE,967,FALSE
1,041,DR,041M24,29-Mar-05,25/11/07,FALSE,971,FALSE
1,041,DR,041M14,29-Mar-05,13/12/07,FALSE,989,FALSE
1,041,DR,041M02,29-Mar-05,19/12/07,FALSE,995,FALSE
1,041,DR,041M22,29-Mar-05,24/12/07,FALSE,1000,FALSE
1,041,DR,041M12,29-Mar-05,9/1/08,FALSE,1016,FALSE
1,041,DR,041M04,29-Mar-05,26/1/08,FALSE,1033,FALSE
1,041,DR,041M08,29-Mar-05,9/2/08,FALSE,1047,FALSE
1,041,DR,041M16,29-Mar-05,20/2/08,FALSE,1058,FALSE
1,046,AL,046M19,30-Mar-05,14/5/07,FALSE,775,FALSE
1,046,AL,046M15,30-Mar-05,27/8/07,FALSE,880,FALSE
1,046,AL,046M05,30-Mar-05,5/9/07,FALSE,889,FALSE
1,046,AL,046M01,30-Mar-05,19/9/07,FALSE,903,FALSE
1,046,AL,046M07,30-Mar-05,22/9/07,FALSE,906,FALSE
1,046,AL,046M03,30-Mar-05,26/10/07,FALSE,940,FALSE
1,046,AL,046M09,30-Mar-05,28/10/07,FALSE,942,FALSE
1,046,AL,046M13,30-Mar-05,3/12/07,FALSE,978,FALSE
1,046,AL,046M11,30-Mar-05,7/12/07,FALSE,982,FALSE
1,046,AL,046M17,30-Mar-05,8/12/07,FALSE,983,FALSE
1,046,DR,046M12,30-Mar-05,25/6/07,FALSE,817,FALSE
1,046,DR,046M20,30-Mar-05,15/8/07,FALSE,868,FALSE
1,046,DR,046M04,30-Mar-05,20/11/07,FALSE,965,FALSE
1,046,DR,046M02,30-Mar-05,22/12/07,FALSE,997,FALSE
1,046,DR,046M10,30-Mar-05,9/1/08,FALSE,1015,FALSE
1,046,DR,046M16,30-Mar-05,13/1/08,FALSE,1019,FALSE
1,046,DR,046M22,30-Mar-05,26/1/08,FALSE,1032,FALSE
1,046,DR,046M08,30-Mar-05,5/3/08,FALSE,1071,FALSE
1,046,DR,046M14,30-Mar-05,11/3/08,FALSE,1077,FALSE
1,046,DR,046M18,30-Mar-05,23/3/08,FALSE,1089,FALSE
1,046,DR,046M06,30-Mar-05,28/4/08,FALSE,1125,FALSE
1,046,DR,046M24,30-Mar-05,6/5/08,FALSE,1133,FALSE
1,048,AL,048M01,30-Mar-05,28/4/06,FALSE,394,FALSE
1,048,AL,048M09,30-Mar-05,2/8/06,FALSE,490,FALSE
1,048,AL,048M17,30-Mar-05,6/2/07,FALSE,678,FALSE
1,048,AL,048M03,30-Mar-05,24/2/07,FALSE,696,FALSE
1,048,AL,048M15,30-Mar-05,4/7/07,FALSE,826,FALSE
1,048,AL,048M19,30-Mar-05,8/7/07,FALSE,830,FALSE
1,048,AL,048M11,30-Mar-05,10/7/07,FALSE,832,FALSE
1,048,AL,048M07,30-Mar-05,10/7/07,FALSE,832,FALSE
1,048,AL,048M05,30-Mar-05,1/8/07,FALSE,854,FALSE
1,048,AL,048M13,30-Mar-05,31/8/07,FALSE,884,FALSE
1,048,DR,048M10,30-Mar-05,27/4/06,FALSE,393,FALSE
1,048,DR,048m02,30-Mar-05,22/7/06,FALSE,479,FALSE
1,048,DR,048m20,30-Mar-05,28/7/06,FALSE,485,FALSE
1,048,DR,048M08,30-Mar-05,16/8/06,FALSE,504,FALSE
1,048,DR,048m06,30-Mar-05,14/9/06,FALSE,533,FALSE
1,048,DR,048M04,30-Mar-05,11/1/07,FALSE,652,FALSE
1,048,DR,048M12,30-Mar-05,15/1/07,FALSE,656,FALSE
1,048,DR,048M22,30-Mar-05,1/4/07,FALSE,732,FALSE
1,048,DR,048M14,30-Mar-05,9/8/07,FALSE,862,FALSE
1,048,DR,048M16,30-Mar-05,11/10/07,FALSE,925,FALSE
1,048,DR,048M18,30-Mar-05,2/11/07,FALSE,947,FALSE
1,048,DR,048M24,30-Mar-05,11/11/07,FALSE,956,FALSE
1,051,AL,051M07,29-Mar-05,1/10/06,FALSE,551,FALSE
1,051,AL,051M05,29-Mar-05,5/5/07,FALSE,767,FALSE
1,051,AL,051M03,29-Mar-05,11/7/07,FALSE,834,FALSE
1,051,AL,051M09,29-Mar-05,6/8/07,FALSE,860,FALSE
1,051,AL,051M01,29-Mar-05,10/9/07,FALSE,895,FALSE
1,051,DR,051M18,29-Mar-05,3/3/07,FALSE,704,FALSE
1,051,DR,051M24,29-Mar-05,15/7/07,FALSE,838,FALSE
1,051,DR,051M16,29-Mar-05,3/8/07,FALSE,857,FALSE
1,051,DR,051M08,29-Mar-05,10/8/07,FALSE,864,FALSE
1,051,DR,051M06,29-Mar-05,21/11/07,FALSE,967,FALSE
1,051,DR,051M20,29-Mar-05,31/12/07,FALSE,1007,FALSE
1,051,DR,051M14,29-Mar-05,26/1/08,FALSE,1033,FALSE
1,051,DR,051M22,29-Mar-05,8/3/08,FALSE,1075,FALSE
1,051,DR,051M02,29-Mar-05,31/3/08,FALSE,1098,FALSE
1,051,DR,051M12,29-Mar-05,3/4/08,FALSE,1101,FALSE
1,051,DR,051M10,29-Mar-05,9/4/08,FALSE,1107,FALSE
1,051,DR,051M04,29-Mar-05,11/4/08,FALSE,1109,FALSE
1,066,AL,066M19,01-Apr-05,10/11/05,FALSE,223,FALSE
1,066,AL,066M09,01-Apr-05,2/4/06,FALSE,366,FALSE
1,066,AL,066M05,01-Apr-05,4/4/06,FALSE,368,FALSE
1,066,AL,066M11,01-Apr-05,18/7/06,FALSE,473,FALSE
1,066,AL,066M15,01-Apr-05,23/8/06,FALSE,509,FALSE
1,066,AL,066M03,01-Apr-05,15/11/06,FALSE,593,FALSE
1,066,AL,066M17,01-Apr-05,24/11/06,FALSE,602,FALSE
1,066,AL,066M01,01-Apr-05,22/3/07,FALSE,720,FALSE
1,066,AL,066M07,01-Apr-05,21/4/07,FALSE,750,FALSE
1,066,AL,066M13,01-Apr-05,14/11/07,FALSE,957,FALSE
1,066,DR,066M20,01-Apr-05,6/9/05,FALSE,158,FALSE
1,066,DR,066M18,01-Apr-05,1/2/06,FALSE,306,FALSE
1,066,DR,066M10,01-Apr-05,17/2/06,FALSE,322,FALSE
1,066,DR,066M14,01-Apr-05,3/3/06,FALSE,336,FALSE
1,066,DR,066M06,01-Apr-05,29/3/06,FALSE,362,FALSE
1,066,DR,066M08,01-Apr-05,18/4/06,FALSE,382,FALSE
1,066,DR,066M24,01-Apr-05,22/7/07,FALSE,842,FALSE
1,066,DR,066M22,01-Apr-05,31/7/07,FALSE,851,FALSE
1,066,DR,066M16,01-Apr-05,9/2/08,FALSE,1044,FALSE
1,066,DR,066M02,01-Apr-05,29/2/08,FALSE,1064,FALSE
1,066,DR,066M04,01-Apr-05,18/3/08,FALSE,1082,FALSE
1,076,AL,076M17,31-Mar-05,22/6/06,FALSE,448,FALSE
1,076,AL,076M01,31-Mar-05,20/7/06,FALSE,476,FALSE
1,076,AL,076M07,31-Mar-05,25/4/07,FALSE,755,FALSE
1,076,AL,076M19,31-Mar-05,2/5/07,FALSE,762,FALSE
1,076,AL,076M09,31-Mar-05,11/5/07,FALSE,771,FALSE
1,076,AL,076M15,31-Mar-05,25/7/07,FALSE,846,FALSE
1,076,AL,076M13,31-Mar-05,29/7/07,FALSE,850,FALSE
1,076,AL,076M11,31-Mar-05,24/8/07,FALSE,876,FALSE
1,076,AL,076M05,31-Mar-05,2/9/07,FALSE,885,FALSE
1,076,AL,076M03,31-Mar-05,12/9/07,FALSE,895,FALSE
1,076,DR,076M12,31-Mar-05,17/3/06,FALSE,351,FALSE
1,076,DR,076M06,31-Mar-05,29/6/06,FALSE,455,FALSE
1,076,DR,076M24,31-Mar-05,12/12/06,FALSE,621,FALSE
1,076,DR,076M20,31-Mar-05,27/1/07,FALSE,667,FALSE
1,076,DR,076M08,31-Mar-05,26/2/07,FALSE,697,FALSE
1,076,DR,076M14,31-Mar-05,2/3/07,FALSE,701,FALSE
1,076,DR,076M02,31-Mar-05,21/4/07,FALSE,751,FALSE
1,076,DR,076M16,31-Mar-05,29/4/07,FALSE,759,FALSE
1,076,DR,076M04,31-Mar-05,5/5/07,FALSE,765,FALSE
1,076,DR,076M22,31-Mar-05,31/5/07,FALSE,791,FALSE
1,076,DR,076M10,31-Mar-05,7/6/07,FALSE,798,FALSE
1,088,AL,088M09,30-Mar-05,26/6/07,FALSE,818,FALSE
1,088,AL,088M05,30-Mar-05,3/7/07,FALSE,825,FALSE
1,088,AL,088M15,30-Mar-05,28/7/07,FALSE,850,FALSE
1,088,AL,088M19,30-Mar-05,31/10/07,FALSE,945,FALSE
1,088,AL,088M07,30-Mar-05,12/11/07,FALSE,957,FALSE
1,088,AL,088M01,30-Mar-05,17/11/07,FALSE,962,FALSE
1,088,AL,088M17,30-Mar-05,19/11/07,FALSE,964,FALSE
1,088,AL,088M13,30-Mar-05,3/1/08,FALSE,1009,FALSE
1,088,AL,088M11,30-Mar-05,25/2/08,FALSE,1062,FALSE
1,088,AL,088M03,30-Mar-05,11/3/08,FALSE,1077,FALSE
1,088,DR,088M22,30-Mar-05,30/6/07,FALSE,822,FALSE
1,088,DR,088M14,30-Mar-05,30/7/07,FALSE,852,FALSE
1,088,DR,088M18,30-Mar-05,20/8/07,FALSE,873,FALSE
1,088,DR,088M16,30-Mar-05,19/9/07,FALSE,903,FALSE
1,088,DR,088M20,30-Mar-05,23/9/07,FALSE,907,FALSE
1,088,DR,088M24,30-Mar-05,27/9/07,FALSE,911,FALSE
1,088,DR,088M02,30-Mar-05,28/9/07,FALSE,912,FALSE
1,088,DR,088M12,30-Mar-05,7/11/07,FALSE,952,FALSE
1,088,DR,088M08,30-Mar-05,30/11/07,FALSE,975,FALSE
1,088,DR,088M04,30-Mar-05,6/12/07,FALSE,981,FALSE
1,088,DR,088M10,30-Mar-05,21/12/07,FALSE,996,FALSE
1,088,DR,088M06,30-Mar-05,31/12/07,FALSE,1006,FALSE
1,089,AL,089M07,30-Mar-05,28/6/06,FALSE,455,FALSE
1,089,AL,089M03,30-Mar-05,17/12/06,FALSE,627,FALSE
1,089,AL,089M11,30-Mar-05,9/1/07,FALSE,650,FALSE
1,089,AL,089M19,30-Mar-05,15/1/07,FALSE,656,FALSE
1,089,AL,089M15,30-Mar-05,15/1/07,FALSE,656,FALSE
1,089,AL,089M05,30-Mar-05,2/2/07,FALSE,674,FALSE
1,089,AL,089M01,30-Mar-05,27/4/07,FALSE,758,FALSE
1,089,AL,089M09,30-Mar-05,27/9/07,FALSE,911,FALSE
1,089,AL,089M17,30-Mar-05,17/10/07,FALSE,931,FALSE
1,089,DR,089M24,30-Mar-05,25/8/07,FALSE,878,FALSE
1,089,DR,089M18,30-Mar-05,14/12/07,FALSE,989,FALSE
1,089,DR,089M10,30-Mar-05,6/1/08,FALSE,1012,FALSE
1,089,DR,089M04,30-Mar-05,13/1/08,FALSE,1019,FALSE
1,089,DR,089M06,30-Mar-05,10/2/08,FALSE,1047,FALSE
1,089,DR,089M12,30-Mar-05,25/2/08,FALSE,1062,FALSE
1,089,DR,089M22,30-Mar-05,22/4/08,FALSE,1119,FALSE
1,089,DR,089M02,30-Mar-05,1/5/08,FALSE,1128,FALSE
1,089,DR,089M14,30-Mar-05,8/5/08,FALSE,1135,FALSE
1,090,AL,090M05,02-Apr-05,4/4/07,FALSE,732,FALSE
1,090,AL,090M03,02-Apr-05,18/4/07,FALSE,746,FALSE
1,090,AL,090M09,02-Apr-05,2/6/07,FALSE,791,FALSE
1,090,AL,090M01,02-Apr-05,9/6/07,FALSE,798,FALSE
1,090,AL,090M07,02-Apr-05,18/6/07,FALSE,807,FALSE
1,090,AL,090M15,02-Apr-05,20/8/07,FALSE,870,FALSE
1,090,AL,090M11,02-Apr-05,24/8/07,FALSE,874,FALSE
1,090,AL,090M17,02-Apr-05,19/9/07,FALSE,900,FALSE
1,090,AL,090M19,02-Apr-05,24/10/07,FALSE,935,FALSE
1,090,AL,090M13,02-Apr-05,27/10/07,FALSE,938,FALSE
1,090,DR,090M02,02-Apr-05,30/11/05,FALSE,242,FALSE
1,090,DR,090M14,02-Apr-05,26/6/06,FALSE,450,FALSE
1,090,DR,090M22,02-Apr-05,18/10/06,FALSE,564,FALSE
1,090,DR,090M08,02-Apr-05,6/12/06,FALSE,613,FALSE
1,090,DR,090M20,02-Apr-05,22/12/06,FALSE,629,FALSE
1,090,DR,090M04,02-Apr-05,15/2/07,FALSE,684,FALSE
1,090,DR,090M16,02-Apr-05,5/5/07,FALSE,763,FALSE
1,090,DR,090M18,02-Apr-05,18/6/07,FALSE,807,FALSE
1,090,DR,090M24,02-Apr-05,27/6/07,FALSE,816,FALSE
1,090,DR,090M10,02-Apr-05,25/7/07,FALSE,844,FALSE
1,090,DR,090M12,02-Apr-05,10/8/07,FALSE,860,FALSE
1,090,DR,090M06,02-Apr-05,21/8/07,FALSE,871,FALSE
1,097,AL,097M05,02-Apr-05,15/3/06,FALSE,347,FALSE
1,097,AL,097M09,02-Apr-05,24/1/07,FALSE,662,FALSE
1,097,AL,097M03,02-Apr-05,27/6/07,FALSE,816,FALSE
1,097,AL,097M07,02-Apr-05,30/6/07,FALSE,819,FALSE
1,097,AL,097M01,02-Apr-05,4/7/07,FALSE,823,FALSE
1,097,AL,097M15,02-Apr-05,30/10/07,FALSE,941,FALSE
1,097,AL,097M13,02-Apr-05,23/11/07,FALSE,965,FALSE
1,097,AL,097M17,02-Apr-05,26/11/07,FALSE,968,FALSE
1,097,AL,097M19,02-Apr-05,8/12/07,FALSE,980,FALSE
1,097,DR,097M10,02-Apr-05,30/12/05,FALSE,272,FALSE
1,097,DR,097M20,02-Apr-05,13/3/07,FALSE,710,FALSE
1,097,DR,097M16,02-Apr-05,6/4/07,FALSE,734,FALSE
1,097,DR,097M22,02-Apr-05,10/4/07,FALSE,738,FALSE
1,097,DR,097M12,02-Apr-05,2/8/07,FALSE,852,FALSE
1,097,DR,097M24,02-Apr-05,2/3/08,FALSE,1065,FALSE
1,097,DR,097M14,02-Apr-05,3/3/08,FALSE,1066,FALSE
1,097,DR,097M04,02-Apr-05,10/3/08,FALSE,1073,FALSE
1,097,DR,097M08,02-Apr-05,13/3/08,FALSE,1076,FALSE
1,102,AL,102M19,31-Mar-05,3/1/07,FALSE,643,FALSE
1,102,AL,102M05,31-Mar-05,24/2/07,FALSE,695,FALSE
1,102,AL,102M07,31-Mar-05,4/4/07,FALSE,734,FALSE
1,102,AL,102M09,31-Mar-05,16/6/07,FALSE,807,FALSE
1,102,AL,102M15,31-Mar-05,3/7/07,FALSE,824,FALSE
1,102,AL,102M17,31-Mar-05,11/7/07,FALSE,832,FALSE
1,102,AL,102M13,31-Mar-05,10/8/07,FALSE,862,FALSE
1,102,AL,102m11,31-Mar-05,3/10/07,FALSE,916,FALSE
1,102,DR,102m24,31-Mar-05,28/8/06,FALSE,515,FALSE
1,102,DR,102M12,31-Mar-05,13/12/06,FALSE,622,FALSE
1,102,DR,102M16,31-Mar-05,30/12/06,FALSE,639,FALSE
1,102,DR,102M04,31-Mar-05,4/4/07,FALSE,734,FALSE
1,102,DR,102M14,31-Mar-05,9/4/07,FALSE,739,FALSE
1,102,DR,102M06,31-Mar-05,28/5/07,FALSE,788,FALSE
1,102,DR,102M10,31-Mar-05,11/6/07,FALSE,802,FALSE
1,102,DR,102M02,31-Mar-05,7/7/07,FALSE,828,FALSE
1,102,DR,102M20,31-Mar-05,11/7/07,FALSE,832,FALSE
1,102,DR,102M08,31-Mar-05,12/7/07,FALSE,833,FALSE
1,102,DR,102M18,31-Mar-05,23/7/07,FALSE,844,FALSE
1,102,DR,102M22,31-Mar-05,18/9/07,FALSE,901,FALSE
1,103,AL,103M09,28-Mar-05,16/8/06,FALSE,506,FALSE
1,103,AL,103M19,28-Mar-05,30/8/06,FALSE,520,FALSE
1,103,AL,103M17,28-Mar-05,20/12/06,FALSE,632,FALSE
1,103,AL,103M15,28-Mar-05,9/1/07,FALSE,652,FALSE
1,103,AL,103M05,28-Mar-05,10/1/07,FALSE,653,FALSE
1,103,AL,103M11,28-Mar-05,4/3/07,FALSE,706,FALSE
1,103,AL,103M07,28-Mar-05,17/4/07,FALSE,750,FALSE
1,103,AL,103M01,28-Mar-05,12/5/07,FALSE,775,FALSE
1,103,AL,103M03,28-Mar-05,11/7/07,FALSE,835,FALSE
1,103,AL,103M13,28-Mar-05,3/8/07,FALSE,858,FALSE
1,103,DR,103M10,28-Mar-05,29/11/06,FALSE,611,FALSE
1,103,DR,103M04,28-Mar-05,10/2/07,FALSE,684,FALSE
1,103,DR,103M08,28-Mar-05,23/6/07,FALSE,817,FALSE
1,103,DR,103M06,28-Mar-05,14/7/07,FALSE,838,FALSE
1,103,DR,103M12,28-Mar-05,20/7/07,FALSE,844,FALSE
1,103,DR,103M02,28-Mar-05,4/8/07,FALSE,859,FALSE
1,103,DR,103M20,28-Mar-05,7/9/07,FALSE,893,FALSE
1,103,DR,103M22,28-Mar-05,16/10/07,FALSE,932,FALSE
1,103,DR,103M14,28-Mar-05,20/12/07,FALSE,997,FALSE
1,103,DR,103M24,28-Mar-05,1/1/08,FALSE,1009,FALSE
1,103,DR,103M16,28-Mar-05,9/1/08,FALSE,1017,FALSE
1,103,DR,103M18,28-Mar-05,9/1/08,FALSE,1017,FALSE
1,107,AL,107M13,02-Apr-05,22/11/06,FALSE,599,FALSE
1,107,AL,107M15,02-Apr-05,29/11/06,FALSE,606,FALSE
1,107,AL,107M07,02-Apr-05,24/2/07,FALSE,693,FALSE
1,107,AL,107M19,02-Apr-05,21/3/07,FALSE,718,FALSE
1,107,AL,107M03,02-Apr-05,22/6/07,FALSE,811,FALSE
1,107,AL,107M05,02-Apr-05,24/10/07,FALSE,935,FALSE
1,107,AL,107M09,02-Apr-05,25/10/07,FALSE,936,FALSE
1,107,AL,107M17,02-Apr-05,8/3/08,FALSE,1071,FALSE
1,107,AL,107M11,02-Apr-05,12/5/08,FALSE,1136,FALSE
1,107,AL,107M01,02-Apr-05,19/6/08,FALSE,1174,FALSE
1,107,DR,107M04,02-Apr-05,19/10/05,FALSE,200,FALSE
1,107,DR,107M10,02-Apr-05,1/7/06,FALSE,455,FALSE
1,107,DR,107M12,02-Apr-05,25/4/07,FALSE,753,FALSE
1,107,DR,107M06,02-Apr-05,17/7/07,FALSE,836,FALSE
1,107,DR,107M18,02-Apr-05,24/7/07,FALSE,843,FALSE
1,107,DR,107M02,02-Apr-05,24/7/07,FALSE,843,FALSE
1,107,DR,107M16,02-Apr-05,18/8/07,FALSE,868,FALSE
1,107,DR,107M14,02-Apr-05,10/9/07,FALSE,891,FALSE
1,107,DR,107M22,02-Apr-05,26/9/07,FALSE,907,FALSE
1,107,DR,107M08,02-Apr-05,31/10/07,FALSE,942,FALSE
1,107,DR,107M20,02-Apr-05,17/11/07,FALSE,959,FALSE
1,117,AL,117M17,30-Mar-05,16/12/06,FALSE,626,FALSE
1,117,AL,117M15,30-Mar-05,24/2/07,FALSE,696,FALSE
1,117,AL,117M11,30-Mar-05,19/3/07,FALSE,719,FALSE
1,117,AL,117M03,30-Mar-05,10/5/07,FALSE,771,FALSE
1,117,AL,117M07,30-Mar-05,18/6/07,FALSE,810,FALSE
1,117,AL,117M13,30-Mar-05,20/6/07,FALSE,812,FALSE
1,117,AL,117M05,30-Mar-05,16/10/07,FALSE,930,FALSE
1,117,AL,117M01,30-Mar-05,4/11/07,FALSE,949,FALSE
1,117,AL,117M19,30-Mar-05,8/1/08,FALSE,1014,FALSE
1,117,AL,117M09,30-Mar-05,8/2/08,FALSE,1045,FALSE
1,117,DR,117M04,30-Mar-05,30/9/05,FALSE,184,FALSE
1,117,DR,117M06,30-Mar-05,6/3/06,FALSE,341,FALSE
1,117,DR,117M08,30-Mar-05,21/3/06,FALSE,356,FALSE
1,117,DR,117M10,30-Mar-05,6/4/06,FALSE,372,FALSE
1,117,DR,117M24,30-Mar-05,12/4/06,FALSE,378,FALSE
1,117,DR,117m02,30-Mar-05,3/9/06,FALSE,522,FALSE
1,117,DR,117M22,30-Mar-05,15/10/06,FALSE,564,FALSE
1,117,DR,117M16,30-Mar-05,19/3/07,FALSE,719,FALSE
1,117,DR,117M12,30-Mar-05,27/5/07,FALSE,788,FALSE
1,117,DR,117M20,30-Mar-05,9/6/07,FALSE,801,FALSE
1,117,DR,117M14,30-Mar-05,24/6/07,FALSE,816,FALSE
1,117,DR,117M18,30-Mar-05,29/6/07,FALSE,821,FALSE
1,122,AL,122M09,30-Mar-05,18/5/06,FALSE,414,FALSE
1,122,AL,122M17,30-Mar-05,28/2/07,FALSE,700,FALSE
1,122,AL,122M07,30-Mar-05,20/6/07,FALSE,812,FALSE
1,122,AL,122M01,30-Mar-05,9/9/07,FALSE,893,FALSE
1,122,AL,122M15,30-Mar-05,10/10/07,FALSE,924,FALSE
1,122,AL,122M13,30-Mar-05,17/10/07,FALSE,931,FALSE
1,122,AL,122M05,30-Mar-05,17/11/07,FALSE,962,FALSE
1,122,AL,122M11,30-Mar-05,19/11/07,FALSE,964,FALSE
1,122,AL,122M19,30-Mar-05,13/12/07,FALSE,988,FALSE
1,122,AL,122m03,30-Mar-05,28/1/08,FALSE,1034,FALSE
1,122,DR,122M18,30-Mar-05,30/12/06,FALSE,640,FALSE
1,122,DR,122M04,30-Mar-05,31/10/07,FALSE,945,FALSE
1,122,DR,122M08,30-Mar-05,11/12/07,FALSE,986,FALSE
1,122,DR,122M06,30-Mar-05,18/12/07,FALSE,993,FALSE
1,122,DR,122M12,30-Mar-05,22/12/07,FALSE,997,FALSE
1,122,DR,122M02,30-Mar-05,24/12/07,FALSE,999,FALSE
1,122,DR,122M20,30-Mar-05,23/1/08,FALSE,1029,FALSE
1,122,DR,122M10,30-Mar-05,4/5/08,FALSE,1131,FALSE
1,122,DR,122M14,30-Mar-05,23/6/08,FALSE,1181,FALSE
1,122,DR,122M16,30-Mar-05,25/6/08,FALSE,1183,FALSE
1,122,DR,122M22,30-Mar-05,16/7/08,FALSE,1204,FALSE
1,122,DR,122M24,30-Mar-05,10/8/08,FALSE,1229,FALSE
1,123,AL,123M15,04-Apr-05,14/2/07,FALSE,681,FALSE
1,123,AL,123M03,04-Apr-05,16/4/07,FALSE,742,FALSE
1,123,AL,123M09,04-Apr-05,16/4/07,FALSE,742,FALSE
1,123,AL,123M05,04-Apr-05,16/4/07,FALSE,742,FALSE
1,123,AL,123M07,04-Apr-05,17/4/07,FALSE,743,FALSE
1,123,AL,123M11,04-Apr-05,20/6/07,FALSE,807,FALSE
1,123,AL,123M17,04-Apr-05,9/7/07,FALSE,826,FALSE
1,123,AL,123M01,04-Apr-05,16/7/07,FALSE,833,FALSE
1,123,AL,123M19,04-Apr-05,20/8/07,FALSE,868,FALSE
1,123,AL,123M13,04-Apr-05,31/8/07,FALSE,879,FALSE
1,123,DR,123m16,04-Apr-05,6/6/05,FALSE,63,FALSE
1,123,DR,123M14,04-Apr-05,20/5/07,FALSE,776,FALSE
1,123,DR,123M18,04-Apr-05,29/5/07,FALSE,785,FALSE
1,123,DR,123M10,04-Apr-05,15/6/07,FALSE,802,FALSE
1,123,DR,123M22,04-Apr-05,1/7/07,FALSE,818,FALSE
1,123,DR,123M20,04-Apr-05,12/7/07,FALSE,829,FALSE
1,123,DR,123M24,04-Apr-05,1/9/07,FALSE,880,FALSE
1,123,DR,123M06,04-Apr-05,29/10/07,FALSE,938,FALSE
1,123,DR,123M08,04-Apr-05,16/12/07,FALSE,986,FALSE
1,123,DR,123M04,04-Apr-05,16/12/07,FALSE,986,FALSE
1,123,DR,123M12,04-Apr-05,22/12/07,FALSE,992,FALSE
1,123,DR,123M02,04-Apr-05,6/1/08,FALSE,1007,FALSE
2,007,AL,007M07,03-Jul-05,29/6/07,FALSE,726,FALSE
2,007,AL,007M17,03-Jul-05,29/11/07,FALSE,879,FALSE
2,007,AL,007M13,03-Jul-05,30/12/07,FALSE,910,FALSE
2,007,AL,007M05,03-Jul-05,10/1/08,FALSE,921,FALSE
2,007,AL,007M03,03-Jul-05,14/1/08,FALSE,925,FALSE
2,007,AL,007M01,03-Jul-05,1/3/08,FALSE,972,FALSE
2,007,AL,007M11,03-Jul-05,10/3/08,FALSE,981,FALSE
2,007,AL,007M15,03-Jul-05,10/3/08,FALSE,981,FALSE
2,007,AL,007M19,03-Jul-05,10/3/08,FALSE,981,FALSE
2,007,AL,007M09,03-Jul-05,13/3/08,FALSE,984,FALSE
2,007,DR,007M22,03-Jul-05,10/4/06,FALSE,281,FALSE
2,007,DR,007M06,03-Jul-05,17/4/06,FALSE,288,FALSE
2,007,DR,007M12,03-Jul-05,29/6/06,FALSE,361,FALSE
2,007,DR,007M04,03-Jul-05,5/11/06,FALSE,490,FALSE
2,007,DR,007M16,03-Jul-05,21/12/06,FALSE,536,FALSE
2,007,DR,007M10,03-Jul-05,20/1/07,FALSE,566,FALSE
2,007,DR,007M14,03-Jul-05,16/4/07,FALSE,652,FALSE
2,007,DR,007M20,03-Jul-05,24/11/07,FALSE,874,FALSE
2,007,DR,007M18,03-Jul-05,22/12/07,FALSE,902,FALSE
2,028,AL,028M17,30-Jun-05,4/10/05,FALSE,96,FALSE
2,028,AL,028M09,03-Jul-05,26/12/06,FALSE,541,FALSE
2,028,AL,028M01,03-Jul-05,20/1/07,FALSE,566,FALSE
2,028,AL,028M19,03-Jul-05,3/2/07,FALSE,580,FALSE
2,028,AL,028M15,03-Jul-05,20/2/07,FALSE,597,FALSE
2,028,AL,028M11,03-Jul-05,26/2/07,FALSE,603,FALSE
2,028,AL,028M05,03-Jul-05,4/3/07,FALSE,609,FALSE
2,028,AL,028M07,03-Jul-05,25/3/07,FALSE,630,FALSE
2,028,AL,028M13,03-Jul-05,22/6/07,FALSE,719,FALSE
2,028,AL,028M03,03-Jul-05,4/7/07,FALSE,731,FALSE
2,028,DR,028M18,30-Jun-05,14/9/05,FALSE,76,FALSE
2,028,DR,028M08,03-Jul-05,14/10/06,FALSE,468,FALSE
2,028,DR,028M10,03-Jul-05,17/11/06,FALSE,502,FALSE
2,028,DR,028M20,03-Jul-05,12/12/06,FALSE,527,FALSE
2,028,DR,028M02,03-Jul-05,18/12/06,FALSE,533,FALSE
2,028,DR,028M16,03-Jul-05,3/1/07,FALSE,549,FALSE
2,028,DR,028M06,03-Jul-05,8/1/07,FALSE,554,FALSE
2,028,DR,028M12,03-Jul-05,16/2/07,FALSE,593,FALSE
2,028,DR,028M22,03-Jul-05,9/3/07,FALSE,614,FALSE
2,028,DR,028M14,03-Jul-05,12/3/07,FALSE,617,FALSE
2,028,DR,028M04,03-Jul-05,16/3/07,FALSE,621,FALSE
2,028,DR,028M24,03-Jul-05,24/3/07,FALSE,629,FALSE
2,036,AL,036M05,03-Jul-05,4/10/05,FALSE,93,FALSE
2,036,AL,036M17,03-Jul-05,4/4/06,FALSE,275,FALSE
2,036,AL,036M19,03-Jul-05,2/1/07,FALSE,548,FALSE
2,036,AL,036M13,03-Jul-05,8/3/07,FALSE,613,FALSE
2,036,AL,036M15,03-Jul-05,10/4/07,FALSE,646,FALSE
2,036,AL,036M03,03-Jul-05,24/7/07,FALSE,751,FALSE
2,036,AL,036M07,03-Jul-05,13/9/07,FALSE,802,FALSE
2,036,AL,036M11,03-Jul-05,7/10/07,FALSE,826,FALSE
2,036,AL,036M01,03-Jul-05,12/10/07,FALSE,831,FALSE
2,036,AL,036M09,03-Jul-05,19/11/07,FALSE,869,FALSE
2,036,DR,036M24,03-Jul-05,11/12/05,FALSE,161,FALSE
2,036,DR,036M02,03-Jul-05,3/1/06,FALSE,184,FALSE
2,036,DR,036M20,03-Jul-05,16/2/07,FALSE,593,FALSE
2,036,DR,036M22,03-Jul-05,9/3/07,FALSE,614,FALSE
2,036,DR,036M16,03-Jul-05,14/3/07,FALSE,619,FALSE
2,036,DR,036M04,03-Jul-05,16/5/07,FALSE,682,FALSE
2,036,DR,036M10,03-Jul-05,13/9/07,FALSE,802,FALSE
2,036,DR,036M12,03-Jul-05,17/9/07,FALSE,806,FALSE
2,036,DR,036M06,03-Jul-05,4/10/07,FALSE,823,FALSE
2,036,DR,036M14,03-Jul-05,24/10/07,FALSE,843,FALSE
2,049,AL,049M05,04-Jul-05,14/9/06,FALSE,437,FALSE
2,049,AL,049M09,04-Jul-05,27/9/06,FALSE,450,FALSE
2,049,AL,049M11,04-Jul-05,27/10/06,FALSE,480,FALSE
2,049,AL,049M15,04-Jul-05,18/12/06,FALSE,532,FALSE
2,049,AL,049M17,04-Jul-05,22/3/07,FALSE,626,FALSE
2,049,AL,049M03,04-Jul-05,5/4/07,FALSE,640,FALSE
2,049,AL,049M19,04-Jul-05,5/4/07,FALSE,640,FALSE
2,049,AL,049M13,04-Jul-05,5/4/07,FALSE,640,FALSE
2,049,AL,049M07,04-Jul-05,5/4/07,FALSE,640,FALSE
2,049,AL,049M01,04-Jul-05,5/4/07,FALSE,640,FALSE
2,049,DR,049m06,04-Jul-05,27/2/06,FALSE,238,FALSE
2,049,DR,049M14,04-Jul-05,4/4/06,FALSE,274,FALSE
2,049,DR,049M22,04-Jul-05,29/5/06,FALSE,329,FALSE
2,049,DR,049M24,04-Jul-05,1/8/06,FALSE,393,FALSE
2,049,DR,049M16,04-Jul-05,4/7/07,FALSE,730,FALSE
2,049,DR,049M20,04-Jul-05,8/7/07,FALSE,734,FALSE
2,049,DR,049M12,04-Jul-05,3/10/07,FALSE,821,FALSE
2,049,DR,049M18,04-Jul-05,9/12/07,FALSE,888,FALSE
2,049,DR,049M04,04-Jul-05,18/12/07,FALSE,897,FALSE
2,049,DR,049M02,04-Jul-05,2/1/08,FALSE,912,FALSE
2,049,DR,049M10,04-Jul-05,13/1/08,FALSE,923,FALSE
2,052,AL,052M11,05-Jul-05,10/10/06,FALSE,462,FALSE
2,052,AL,052M19,05-Jul-05,5/12/06,FALSE,518,FALSE
2,052,AL,052M01,05-Jul-05,26/12/06,FALSE,539,FALSE
2,052,AL,052M15,05-Jul-05,28/12/06,FALSE,541,FALSE
2,052,AL,052M05,05-Jul-05,6/2/07,FALSE,581,FALSE
2,052,AL,052M09,05-Jul-05,17/4/07,FALSE,651,FALSE
2,052,AL,052M17,05-Jul-05,2/5/07,FALSE,666,FALSE
2,052,AL,052M03,05-Jul-05,9/6/07,FALSE,704,FALSE
2,052,AL,052M07,05-Jul-05,30/6/07,FALSE,725,FALSE
2,052,AL,052M13,05-Jul-05,17/7/07,FALSE,742,FALSE
2,052,DR,052M24,05-Jul-05,11/10/05,FALSE,98,FALSE
2,052,DR,052m04,05-Jul-05,24/2/06,FALSE,234,FALSE
2,052,DR,052M20,05-Jul-05,14/1/07,FALSE,558,FALSE
2,052,DR,052M02,05-Jul-05,27/1/07,FALSE,571,FALSE
2,052,DR,052M12,05-Jul-05,6/2/07,FALSE,581,FALSE
2,052,DR,052M14,05-Jul-05,20/2/07,FALSE,595,FALSE
2,052,DR,052M22,05-Jul-05,27/2/07,FALSE,602,FALSE
2,052,DR,052M16,05-Jul-05,18/3/07,FALSE,621,FALSE
2,052,DR,052M18,05-Jul-05,11/4/07,FALSE,645,FALSE
2,052,DR,052M10,05-Jul-05,30/5/07,FALSE,694,FALSE
2,052,DR,052M06,05-Jul-05,12/6/07,FALSE,707,FALSE
2,052,DR,052M08,05-Jul-05,16/6/07,FALSE,711,FALSE
2,055,AL,055M19,02-Jul-05,4/4/06,FALSE,276,FALSE
2,055,AL,055M07,02-Jul-05,2/5/06,FALSE,304,FALSE
2,055,AL,055m01,02-Jul-05,8/8/06,FALSE,402,FALSE
2,055,AL,055M15,02-Jul-05,24/9/06,FALSE,449,FALSE
2,055,AL,055M11,02-Jul-05,22/10/06,FALSE,477,FALSE
2,055,AL,055M05,02-Jul-05,12/11/06,FALSE,498,FALSE
2,055,AL,055M03,02-Jul-05,25/11/06,FALSE,511,FALSE
2,055,AL,055M13,02-Jul-05,12/2/07,FALSE,590,FALSE
2,055,AL,055M09,02-Jul-05,9/4/07,FALSE,646,FALSE
2,055,AL,055M17,02-Jul-05,23/6/07,FALSE,721,FALSE
2,055,DR,055M12,02-Jul-05,21/4/07,FALSE,658,FALSE
2,055,DR,055M04,02-Jul-05,28/4/07,FALSE,665,FALSE
2,055,DR,055M10,02-Jul-05,7/5/07,FALSE,674,FALSE
2,055,DR,055M20,02-Jul-05,29/5/07,FALSE,696,FALSE
2,055,DR,055M08,02-Jul-05,30/6/07,FALSE,728,FALSE
2,055,DR,055M16,02-Jul-05,16/7/07,FALSE,744,FALSE
2,062,AL,062M17,01-Jul-05,30/3/07,FALSE,637,FALSE
2,062,AL,062M01,01-Jul-05,17/12/07,FALSE,899,FALSE
2,062,AL,062M07,01-Jul-05,3/1/08,FALSE,916,FALSE
2,062,AL,062M05,01-Jul-05,20/3/08,FALSE,993,FALSE
2,062,AL,062M03,01-Jul-05,21/3/08,FALSE,994,FALSE
2,062,AL,062M15,01-Jul-05,9/7/08,FALSE,1104,FALSE
2,062,AL,062M19,01-Jul-05,17/7/08,FALSE,1112,FALSE
2,062,AL,062M09,01-Jul-05,1/10/08,FALSE,1188,FALSE
2,062,AL,062M11,01-Jul-05,15/11/08,FALSE,1233,FALSE
2,062,AL,062M13,01-Jul-05,26/11/08,FALSE,1244,FALSE
2,062,DR,062M24,01-Jul-05,22/11/06,FALSE,509,FALSE
2,062,DR,062M12,01-Jul-05,18/4/07,FALSE,656,FALSE
2,062,DR,062M22,01-Jul-05,1/9/07,FALSE,792,FALSE
2,062,DR,062M10,01-Jul-05,7/9/07,FALSE,798,FALSE
2,062,DR,062M08,01-Jul-05,22/1/08,FALSE,935,FALSE
2,062,DR,062M20,01-Jul-05,25/1/08,FALSE,938,FALSE
2,062,DR,062M14,01-Jul-05,11/4/08,FALSE,1015,FALSE
2,062,DR,062M02,01-Jul-05,29/6/08,FALSE,1094,FALSE
2,062,DR,062M04,01-Jul-05,31/8/08,FALSE,1157,FALSE
2,062,DR,062M18,01-Jul-05,26/10/08,FALSE,1213,FALSE
2,062,DR,062M06,01-Jul-05,16/11/08,FALSE,1234,FALSE
2,062,DR,062M16,01-Jul-05,1/12/08,FALSE,1249,FALSE
2,070,AL,070M01,03-Jul-05,2/4/07,FALSE,638,FALSE
2,070,AL,070M13,03-Jul-05,28/5/07,FALSE,694,FALSE
2,070,AL,070M15,03-Jul-05,30/5/07,FALSE,696,FALSE
2,070,AL,070M09,03-Jul-05,8/6/07,FALSE,705,FALSE
2,070,AL,070M11,03-Jul-05,26/6/07,FALSE,723,FALSE
2,070,AL,070M07,03-Jul-05,13/8/07,FALSE,771,FALSE
2,070,AL,070M03,03-Jul-05,29/2/08,FALSE,971,FALSE
2,070,DR,070M24,03-Jul-05,15/12/05,FALSE,165,FALSE
2,070,DR,070M22,03-Jul-05,15/4/06,FALSE,286,FALSE
2,070,DR,070M20,03-Jul-05,24/5/06,FALSE,325,FALSE
2,070,DR,070m16,03-Jul-05,17/8/06,FALSE,410,FALSE
2,070,DR,070M14,03-Jul-05,5/10/06,FALSE,459,FALSE
2,070,DR,070M18,03-Jul-05,7/12/06,FALSE,522,FALSE
2,070,DR,070M10,03-Jul-05,25/9/07,FALSE,814,FALSE
2,070,DR,070M02,03-Jul-05,26/3/08,FALSE,997,FALSE
2,070,DR,070M04,03-Jul-05,26/3/08,FALSE,997,FALSE
2,070,DR,070M08,03-Jul-05,7/4/08,FALSE,1009,FALSE
2,070,DR,070M06,03-Jul-05,7/5/08,FALSE,1039,FALSE
2,070,DR,070M12,03-Jul-05,16/5/08,FALSE,1048,FALSE
2,073,AL,073M07,03-Jul-05,18/4/06,FALSE,289,FALSE
2,073,AL,073M03,03-Jul-05,5/12/06,FALSE,520,FALSE
2,073,AL,073M01,03-Jul-05,25/3/07,FALSE,630,FALSE
2,073,AL,073M15,03-Jul-05,27/6/07,FALSE,724,FALSE
2,073,AL,073M17,03-Jul-05,13/7/07,FALSE,740,FALSE
2,073,AL,073M13,03-Jul-05,31/7/07,FALSE,758,FALSE
2,073,AL,073M19,03-Jul-05,2/8/07,FALSE,760,FALSE
2,073,AL,073M09,03-Jul-05,31/10/07,FALSE,850,FALSE
2,073,AL,073M05,03-Jul-05,15/11/07,FALSE,865,FALSE
2,073,AL,073M11,03-Jul-05,7/2/08,FALSE,949,FALSE
2,073,DR,073M22,03-Jul-05,12/10/05,FALSE,101,FALSE
2,073,DR,073M20,03-Jul-05,5/5/07,FALSE,671,FALSE
2,073,DR,073M14,03-Jul-05,27/5/07,FALSE,693,FALSE
2,073,DR,073M24,03-Jul-05,3/7/07,FALSE,730,FALSE
2,073,DR,073M16,03-Jul-05,25/9/07,FALSE,814,FALSE
2,073,DR,073m18,03-Jul-05,29/9/07,FALSE,818,FALSE
2,073,DR,073M06,03-Jul-05,24/10/07,FALSE,843,FALSE
2,073,DR,073M04,03-Jul-05,24/1/08,FALSE,935,FALSE
2,073,DR,073M08,03-Jul-05,26/3/08,FALSE,997,FALSE
2,073,DR,073M02,03-Jul-05,23/4/08,FALSE,1025,FALSE
2,073,DR,073M12,03-Jul-05,27/4/08,FALSE,1029,FALSE
2,073,DR,073M10,03-Jul-05,27/4/08,FALSE,1029,FALSE
2,075,AL,075M09,01-Jul-05,2/3/06,FALSE,244,FALSE
2,075,AL,075M05,01-Jul-05,2/1/07,FALSE,550,FALSE
2,075,AL,075M01,01-Jul-05,20/1/07,FALSE,568,FALSE
2,075,AL,075M19,01-Jul-05,18/3/07,FALSE,625,FALSE
2,075,AL,075M11,01-Jul-05,6/4/07,FALSE,644,FALSE
2,075,AL,075M13,01-Jul-05,8/5/07,FALSE,676,FALSE
2,075,AL,075M07,01-Jul-05,4/9/07,FALSE,795,FALSE
2,075,AL,075M17,01-Jul-05,14/9/07,FALSE,805,FALSE
2,075,AL,075M15,01-Jul-05,24/9/07,FALSE,815,FALSE
2,075,AL,075M03,01-Jul-05,7/1/08,FALSE,920,FALSE
2,075,DR,075m18,01-Jul-05,17/7/06,FALSE,381,FALSE
2,075,DR,075M16,01-Jul-05,30/7/07,FALSE,759,FALSE
2,075,DR,075M22,01-Jul-05,15/10/07,FALSE,836,FALSE
2,075,DR,075M08,01-Jul-05,17/10/07,FALSE,838,FALSE
2,075,DR,075M14,01-Jul-05,3/11/07,FALSE,855,FALSE
2,075,DR,075M24,01-Jul-05,6/11/07,FALSE,858,FALSE
2,075,DR,075M10,01-Jul-05,6/11/07,FALSE,858,FALSE
2,075,DR,075M20,01-Jul-05,8/11/07,FALSE,860,FALSE
2,075,DR,075M04,01-Jul-05,13/1/08,FALSE,926,FALSE
2,075,DR,075M06,01-Jul-05,21/2/08,FALSE,965,FALSE
2,075,DR,075M02,01-Jul-05,25/2/08,FALSE,969,FALSE
2,075,DR,075M12,01-Jul-05,10/3/08,FALSE,983,FALSE
2,086,AL,086M17,02-Jul-05,19/6/06,FALSE,352,FALSE
2,086,AL,086M03,02-Jul-05,4/1/07,FALSE,551,FALSE
2,086,AL,086M01,02-Jul-05,10/12/07,FALSE,891,FALSE
2,086,AL,086M15,02-Jul-05,30/12/07,FALSE,911,FALSE
2,086,AL,086M09,02-Jul-05,15/2/08,FALSE,958,FALSE
2,086,AL,086M05,02-Jul-05,17/2/08,FALSE,960,FALSE
2,086,AL,086M07,02-Jul-05,10/4/08,FALSE,1013,FALSE
2,086,AL,086M13,02-Jul-05,27/4/08,FALSE,1030,FALSE
2,086,AL,086M11,02-Jul-05,30/4/08,FALSE,1033,FALSE
2,086,AL,086M19,02-Jul-05,30/4/08,FALSE,1033,FALSE
2,086,DR,086M04,02-Jul-05,19/10/05,FALSE,109,FALSE
2,086,DR,086M06,02-Jul-05,31/10/05,FALSE,121,FALSE
2,086,DR,086M20,02-Jul-05,10/11/05,FALSE,131,FALSE
2,086,DR,086M18,02-Jul-05,26/2/06,FALSE,239,FALSE
2,086,DR,086M10,02-Jul-05,30/10/06,FALSE,485,FALSE
2,086,DR,086M24,02-Jul-05,2/11/06,FALSE,488,FALSE
2,086,DR,086M22,02-Jul-05,6/12/06,FALSE,522,FALSE
2,086,DR,086M02,02-Jul-05,14/12/06,FALSE,530,FALSE
2,086,DR,086M14,02-Jul-05,6/1/07,FALSE,553,FALSE
2,086,DR,086M08,02-Jul-05,4/6/07,FALSE,702,FALSE
2,086,DR,086M12,02-Jul-05,9/6/07,FALSE,707,FALSE
2,086,DR,086M16,02-Jul-05,20/6/07,FALSE,718,FALSE
2,092,AL,092M09,01-Jul-05,8/1/07,FALSE,556,FALSE
2,092,AL,092M05,01-Jul-05,28/6/07,FALSE,727,FALSE
2,092,AL,092M17,01-Jul-05,16/10/07,FALSE,837,FALSE
2,092,AL,092M15,01-Jul-05,16/10/07,FALSE,837,FALSE
2,092,AL,092M11,01-Jul-05,2/11/07,FALSE,854,FALSE
2,092,AL,092M01,01-Jul-05,9/11/07,FALSE,861,FALSE
2,092,AL,092m03,01-Jul-05,22/11/07,FALSE,874,FALSE
2,092,AL,092m07,01-Jul-05,24/11/07,FALSE,876,FALSE
2,092,AL,092M19,01-Jul-05,12/12/07,FALSE,894,FALSE
2,092,AL,092M13,01-Jul-05,17/5/08,FALSE,1051,FALSE
2,092,DR,092M16,01-Jul-05,18/4/06,FALSE,291,FALSE
2,092,DR,092M18,01-Jul-05,26/6/06,FALSE,360,FALSE
2,092,DR,092M12,01-Jul-05,13/1/07,FALSE,561,FALSE
2,092,DR,092M22,01-Jul-05,15/12/07,FALSE,897,FALSE
2,092,DR,092M20,01-Jul-05,21/12/07,FALSE,903,FALSE
2,092,DR,092M24,01-Jul-05,1/2/08,FALSE,945,FALSE
2,092,DR,092M08,01-Jul-05,26/3/08,FALSE,999,FALSE
2,092,DR,092M02,01-Jul-05,25/6/08,FALSE,1090,FALSE
2,092,DR,092M04,01-Jul-05,5/7/08,FALSE,1100,FALSE
2,092,DR,092M06,01-Jul-05,10/7/08,FALSE,1105,FALSE
2,092,DR,092M14,01-Jul-05,15/7/08,FALSE,1110,FALSE
2,094,AL,094M11,02-Jul-05,18/11/06,FALSE,504,FALSE
2,094,AL,094M09,02-Jul-05,7/5/07,FALSE,674,FALSE
2,094,AL,094M15,02-Jul-05,5/7/07,FALSE,733,FALSE
2,094,AL,094M07,02-Jul-05,17/8/07,FALSE,776,FALSE
2,094,AL,094M03,02-Jul-05,22/9/07,FALSE,812,FALSE
2,094,AL,094M13,02-Jul-05,16/10/07,FALSE,836,FALSE
2,094,AL,094M01,02-Jul-05,11/11/07,FALSE,862,FALSE
2,094,AL,094M05,02-Jul-05,1/4/08,FALSE,1004,FALSE
2,094,AL,094M19,02-Jul-05,2/4/08,FALSE,1005,FALSE
2,094,AL,094M17,02-Jul-05,14/4/08,FALSE,1017,FALSE
2,094,DR,094M24,02-Jul-05,14/3/07,FALSE,620,FALSE
2,094,DR,094M18,02-Jul-05,2/7/07,FALSE,730,FALSE
2,094,DR,094M14,02-Jul-05,29/7/07,FALSE,757,FALSE
2,094,DR,094M22,02-Jul-05,5/8/07,FALSE,764,FALSE
2,094,DR,094M20,02-Jul-05,24/8/07,FALSE,783,FALSE
2,094,DR,094M16,02-Jul-05,5/9/07,FALSE,795,FALSE
2,094,DR,094M04,02-Jul-05,1/3/08,FALSE,973,FALSE
2,094,DR,094M12,02-Jul-05,24/3/08,FALSE,996,FALSE
2,094,DR,094M02,02-Jul-05,27/4/08,FALSE,1030,FALSE
2,094,DR,094M08,02-Jul-05,29/4/08,FALSE,1032,FALSE
2,094,DR,094M06,02-Jul-05,4/5/08,FALSE,1037,FALSE
2,094,DR,094M10,02-Jul-05,13/5/08,FALSE,1046,FALSE
2,099,AL,099M13,01-Jul-05,17/7/06,FALSE,381,FALSE
2,099,AL,099M09,01-Jul-05,7/5/07,FALSE,675,FALSE
2,099,AL,099M05,01-Jul-05,22/9/07,FALSE,813,FALSE
2,099,AL,099M01,01-Jul-05,29/9/07,FALSE,820,FALSE
2,099,AL,099M03,01-Jul-05,10/12/07,FALSE,892,FALSE
2,099,AL,099M15,01-Jul-05,7/2/08,FALSE,951,FALSE
2,099,AL,099M11,01-Jul-05,11/3/08,FALSE,984,FALSE
2,099,AL,099M19,01-Jul-05,20/3/08,FALSE,993,FALSE
2,099,AL,099M07,01-Jul-05,24/3/08,FALSE,997,FALSE
2,099,DR,099M02,01-Jul-05,19/9/05,FALSE,80,FALSE
2,099,DR,099M04,01-Jul-05,12/12/05,FALSE,164,FALSE
2,099,DR,099M16,01-Jul-05,12/12/05,FALSE,164,FALSE
2,099,DR,099M14,01-Jul-05,9/1/06,FALSE,192,FALSE
2,099,DR,099m12,01-Jul-05,13/1/06,FALSE,196,FALSE
2,099,DR,099m20,01-Jul-05,13/2/06,FALSE,227,FALSE
2,099,DR,099M06,01-Jul-05,19/2/06,FALSE,233,FALSE
2,099,DR,099M22,01-Jul-05,30/12/06,FALSE,547,FALSE
2,099,DR,099M18,01-Jul-05,25/3/07,FALSE,632,FALSE
2,099,DR,099M10,01-Jul-05,29/5/07,FALSE,697,FALSE
2,099,DR,099M08,01-Jul-05,12/6/07,FALSE,711,FALSE
2,099,DR,099M24,01-Jul-05,16/6/07,FALSE,715,FALSE
2,100,AL,100M19,05-Jul-05,18/9/06,FALSE,440,FALSE
2,100,AL,100M11,05-Jul-05,25/1/07,FALSE,569,FALSE
2,100,AL,100M15,05-Jul-05,6/3/07,FALSE,609,FALSE
2,100,AL,100M05,05-Jul-05,6/8/07,FALSE,762,FALSE
2,100,AL,100M01,05-Jul-05,7/10/07,FALSE,824,FALSE
2,100,AL,100M13,05-Jul-05,7/1/08,FALSE,916,FALSE
2,100,AL,100M09,05-Jul-05,7/1/08,FALSE,916,FALSE
2,100,AL,100M17,05-Jul-05,15/1/08,FALSE,924,FALSE
2,100,AL,100M07,05-Jul-05,15/2/08,FALSE,955,FALSE
2,100,AL,100M03,05-Jul-05,1/3/08,FALSE,970,FALSE
2,100,DR,100M18,05-Jul-05,6/2/07,FALSE,581,FALSE
2,100,DR,100M14,05-Jul-05,6/3/07,FALSE,609,FALSE
2,100,DR,100M12,05-Jul-05,14/6/07,FALSE,709,FALSE
2,100,DR,100M22,05-Jul-05,24/6/07,FALSE,719,FALSE
2,100,DR,100M24,05-Jul-05,14/7/07,FALSE,739,FALSE
2,100,DR,100M16,05-Jul-05,28/9/07,FALSE,815,FALSE
2,100,DR,100M10,05-Jul-05,8/12/07,FALSE,886,FALSE
2,100,DR,100M08,05-Jul-05,9/1/08,FALSE,918,FALSE
2,100,DR,100M02,05-Jul-05,22/1/08,FALSE,931,FALSE
2,100,DR,100M20,05-Jul-05,9/2/08,FALSE,949,FALSE
2,100,DR,100M06,05-Jul-05,15/2/08,FALSE,955,FALSE
2,100,DR,100M04,05-Jul-05,22/2/08,FALSE,962,FALSE
2,110,AL,110M09,03-Jul-05,9/6/07,FALSE,706,FALSE
2,110,AL,110M13,03-Jul-05,18/10/07,FALSE,837,FALSE
2,110,AL,110M17,03-Jul-05,8/11/07,FALSE,858,FALSE
2,110,AL,110M19,03-Jul-05,14/12/07,FALSE,894,FALSE
2,110,AL,110M05,03-Jul-05,1/2/08,FALSE,943,FALSE
2,110,AL,110M07,03-Jul-05,25/2/08,FALSE,967,FALSE
2,110,AL,110M15,03-Jul-05,10/3/08,FALSE,981,FALSE
2,110,AL,110M03,03-Jul-05,13/3/08,FALSE,984,FALSE
2,110,AL,110M11,03-Jul-05,16/3/08,FALSE,987,FALSE
2,110,AL,110M01,03-Jul-05,10/4/08,FALSE,1012,FALSE
2,110,DR,110M18,03-Jul-05,30/9/05,FALSE,89,FALSE
2,110,DR,110m10,03-Jul-05,13/11/05,FALSE,133,FALSE
2,110,DR,110M08,03-Jul-05,29/11/06,FALSE,514,FALSE
2,110,DR,110M20,03-Jul-05,26/12/06,FALSE,541,FALSE
2,110,DR,110M14,03-Jul-05,18/2/07,FALSE,595,FALSE
2,110,DR,110M12,03-Jul-05,11/12/07,FALSE,891,FALSE
2,110,DR,110M16,03-Jul-05,11/1/08,FALSE,922,FALSE
2,110,DR,110M22,03-Jul-05,10/4/08,FALSE,1012,FALSE
2,110,DR,110M02,03-Jul-05,3/5/08,FALSE,1035,FALSE
2,110,DR,110M24,03-Jul-05,25/6/08,FALSE,1088,FALSE
2,110,DR,110M04,03-Jul-05,1/7/08,FALSE,1094,FALSE
2,110,DR,110M06,03-Jul-05,26/7/08,FALSE,1119,FALSE
2,114,AL,114M15,02-Jul-05,11/4/07,FALSE,648,FALSE
2,114,AL,114M01,02-Jul-05,25/5/07,FALSE,692,FALSE
2,114,AL,114M17,02-Jul-05,28/5/07,FALSE,695,FALSE
2,114,AL,114M13,02-Jul-05,8/6/07,FALSE,706,FALSE
2,114,AL,114M03,02-Jul-05,8/7/07,FALSE,736,FALSE
2,114,AL,114M11,02-Jul-05,7/11/07,FALSE,858,FALSE
2,114,AL,114M05,02-Jul-05,19/11/07,FALSE,870,FALSE
2,114,AL,114M19,02-Jul-05,22/12/07,FALSE,903,FALSE
2,114,AL,114M07,02-Jul-05,12/1/08,FALSE,924,FALSE
2,114,DR,114M10,02-Jul-05,23/7/06,FALSE,386,FALSE
2,114,DR,114M24,02-Jul-05,28/1/07,FALSE,575,FALSE
2,114,DR,114M06,02-Jul-05,4/2/07,FALSE,582,FALSE
2,114,DR,114M14,02-Jul-05,20/2/07,FALSE,598,FALSE
2,114,DR,114M08,02-Jul-05,27/3/07,FALSE,633,FALSE
2,114,DR,114M22,02-Jul-05,13/4/07,FALSE,650,FALSE
2,114,DR,114M04,02-Jul-05,24/4/07,FALSE,661,FALSE
2,114,DR,114M16,02-Jul-05,10/6/07,FALSE,708,FALSE
2,114,DR,114M02,02-Jul-05,26/6/07,FALSE,724,FALSE
2,114,DR,114M12,02-Jul-05,2/7/07,FALSE,730,FALSE
2,114,DR,114M20,02-Jul-05,10/7/07,FALSE,738,FALSE
2,114,DR,114M18,02-Jul-05,27/7/07,FALSE,755,FALSE
2,115,AL,115M11,02-Jul-05,18/9/06,FALSE,443,FALSE
2,115,AL,115M07,02-Jul-05,24/9/06,FALSE,449,FALSE
2,115,AL,115M19,02-Jul-05,3/10/06,FALSE,458,FALSE
2,115,AL,115M09,02-Jul-05,17/4/07,FALSE,654,FALSE
2,115,AL,115M05,02-Jul-05,10/5/07,FALSE,677,FALSE
2,115,AL,115M03,02-Jul-05,29/5/07,FALSE,696,FALSE
2,115,AL,115M17,02-Jul-05,21/8/07,FALSE,780,FALSE
2,115,AL,115M13,02-Jul-05,10/9/07,FALSE,800,FALSE
2,115,AL,115M01,02-Jul-05,13/10/07,FALSE,833,FALSE
2,115,DR,115m20,02-Jul-05,16/2/06,FALSE,229,FALSE
2,115,DR,115M22,02-Jul-05,16/12/06,FALSE,532,FALSE
2,115,DR,115M04,02-Jul-05,27/5/08,FALSE,1060,FALSE
2,115,DR,115M16,02-Jul-05,30/6/08,FALSE,1094,FALSE
2,115,DR,115M18,02-Jul-05,30/11/08,FALSE,1247,FALSE
2,115,DR,115M14,02-Jul-05,26/1/09,FALSE,1304,FALSE
2,115,DR,115M24,02-Jul-05,1/2/09,FALSE,1310,FALSE
2,115,DR,115M10,02-Jul-05,3/2/09,FALSE,1312,FALSE